rating,date,review
3.0,2026-07-14,"Visualmente una obra de arte, por lo demás genérica"
3.0,2026-07-14,Payakan is the whale in whalien 52
3.0,2026-07-14,C cool à regarder mais la tête des avatars elle fait trop peur
5.0,2025-04-01,MEU FILME FAVORITO
2.0,2026-07-14,Genuinely slop bro this movie is so hard to watch and it being 3 hours doesnt help either
5.0,2026-07-14,"que filme lindo, mds spider pau no cu odeio ele pqp"
4.0,2026-07-14,Ay ben 1i hiç beğenmemekle beraber 2yi çok beğendim sinemaya gidip izlemiştim ve animasyonu çok hoşuma gitti cıvıl cıvıldı
1.0,2026-07-14,1 star only bc bailey bass hot asf
4.0,2026-07-14,how could you kill him james how could you….
5.0,2026-07-14,"Misma historia, pero es un masterpiece."
4.0,2026-07-14,Un peu moins bien que le premier mais on est quand même content de retrouver les personnages et l'univers
5.0,2026-07-14,Chorei no final. Muito lindo. Muita água que vc sente que ta dentro do filme chega se afogar.
4.0,2026-07-20,most beautiful piece of artwork I have ever seen in my 15 years of living
3.0,2026-07-20,Better than the original.
5.0,2026-07-20,neytiri and jake sure got good genes
5.0,2025-12-20,"Loak :) Udah ya manusia, kata gua hidup bareng bareng aja mbot jangan saling menyakiti ok?"
5.0,2026-07-20,This review may contain spoilers. I can handle the truth.
2.5,2026-07-20,"I just watched Brovatar: The Bro of Water and the brotto seems to be ""Somehow Brolpatine returned"". The depiction of the peoples seems slightly sterebrotypical and the Sully's seem to think: ""Let's collect as many destroyed biotops as brossible!"" The visuals were of course mind-browing but a bit too smooth, so it looked like out of a videbrogame. Overall: brotiful but broring."
4.0,2026-07-20,I got wet
5.0,2026-07-20,Bikin neteyam mati disini biar karakter lo'ak berkembang it's so unnecessary. Dan yang paling gw benci itu cara didik jake ke anak-anaknya like your family isn't a military force jirrr stop lah passing your own traumas to your own children 😔
3.5,2026-07-20,"Still cinematically very cool, but doesn’t have the same spark that the first film has"
5.0,2026-07-20,LO'AK MY SON
5.0,2026-07-20,"All i can remember is eywa:>> jk, this is on a next levellll, the story, plot, almost everything is good🙌🙌🙌🙌"
3.5,2026-07-20,the rock is completely forgotten now ok
4.5,2026-07-20,"Visually stunning, james Cameron you’re a genius"
5.0,2026-04-05,No es mejor q la 1 pero la disfrute mas
4.0,2025-12-31,Jakesully name is still weird
5.0,2026-07-20,BEAUTIFUL
4.0,2026-07-20,still cant get over neteyam's death 😭
3.0,2026-07-20,This review may contain spoilers. I can handle the truth.
4.0,2026-07-20,The three movies basically do the same thing in different fonts.
5.0,2026-07-20,😭😭😭😭😭😭😭😭😭😭😭😭😭😭😭
5.0,2023-04-01,I really like this one! Its all so beautiful and I think the storyline is good too!
5.0,2026-07-20,"biggest kill count that age, btw i hate spider so much i cant event find words for this"
5.0,2026-07-20,love this film so much really makes you feel something
4.5,2026-07-20,Amazing as always though those last minutes do drag on a bit
4.0,2026-07-20,"SEDIHBGT NETEYAM MENINGGAL ANJJJJJJJ. elu ya spider tai bgt lu gue #TimNeytiri since day 1, harusnya outsider kyk lu ga dkt dkt sm keluarga sully MONYET LU MONYEEETTTT EMG BNRN ANAK MONYETTT"
4.5,2026-06-29,This review may contain spoilers. I can handle the truth.
4.0,2022-12-18,the best avatar movie imo
3.5,2026-07-20,This review may contain spoilers. I can handle the truth.
5.0,2026-07-20,"Rewatched last night and I forgot how much I liked this film, like yeah I already loved it but rewatching it again helped me realise i liked it more than I had thought originally"
1.0,2026-07-20,Yine begenmedim
5.0,2026-07-20,"SUKAKKK, walaupun ak lum nonton yang s1 tapi ceritanya tetep masuk but lebih ok klw nonton s1 nya biar tambah mulus nontonnya ✌️🚀"
5.0,2026-07-20,worst death ever.
4.0,2026-07-20,This review may contain spoilers. I can handle the truth.
4.0,2026-07-20,Blue people and even bluer water
4.0,2026-07-19,Watching this movie in 4DX was the best thing ever
4.5,2026-07-20,L'eau et les images sont sexy Et le film fait pleurer Bravo
3.5,2026-07-20,Such an emotional ending.
3.0,2026-07-19,taxpayer dollars just being dumped into the ocean for nothing lol
5.0,2026-07-20,My favourite avatar film and neyetams death makes me cry everytime however still love it and the animation and the way it all looks shocks me everytime it’s just soo cool
4.5,2025-12-17,LOOK THAT CGI WATER DAFUK IS GOING ON JAMES CAMERON
3.5,2026-07-20,Vous voyez la revue que j'ai faite sur avatar ? bah relisez là et imaginez que je la fais à haute voix mais dans l'eau
4.0,2025-12-07,Bagusss
3.5,2026-07-20,Nomames neteyam como t vas a morir rip 🙏 alok regresa a free fire
2.5,2026-07-20,First half was ass. Second half redeemed itself.
4.5,2026-07-19,Kiri is so y/n
4.5,2026-07-20,“Sully’s stick together. It was our greatest weakness and our greatest strength.” Well that went downhill quickly.
4.0,2026-07-20,Thoroughly enjoyed. Obviously not the 1sts standard. But pretty solid
3.0,2026-07-20,i didnt like this one.. 😓 it was kind of boring to me
3.0,2026-07-19,"- loved the final third; it was very well executed and a really satisfying payoff for lo’ak and kiri’s conflicts - it was also beautiful in every way, the visuals, music, writing, and acting really come together here - this is unfortunately the only part of the movie which has more subtlety than a sledgehammer - felt the first and second third were super formulaic and cliche—if youve ever seen a movie before, then every conflict in this film will seem…"
3.5,2026-07-20,movie gud
5.0,2026-07-20,KEREN
3.0,2026-07-20,"No negaré que es buena, pero carajo. Dieron ganas de ponerla en x2 de tan predecible que era, misma historia que la primera, escenas de sobra, elementos que no aportan y además termina con el mismo plano que la primera película. Ey pero grandes los efectos especiales"
3.5,2026-07-19,"la primera vez es buena la segunda ya es zzz, en fin te odio Lo’ak el culpable de la muerte de Neteyam 😾"
4.0,2026-07-20,"Le meilleur des 3 selon moi, le film passe rapidement et l’histoire est prenante."
3.0,2026-07-17,looked like a video game. i liked the whales. spider is cool. entertaining world building.
3.0,2025-12-28,Watching this in preparation for Fire & Ash tomorrow :p
3.5,2026-07-19,show me ur fingers.. *🖕🖕*
4.5,2026-07-19,Eywa is everywhere
4.5,2026-07-19,This review may contain spoilers. I can handle the truth.
3.0,2026-07-20,q rabia wn </3
3.0,2026-07-19,To long and to sad
3.5,2026-07-20,Ray tracing goes hard in this film
5.0,2022-12-21,lo’ak kin for life he’s exactly what it feels like to be the middle child who somehow manages to FUCK everything up. Spider can also die. Jake sully I miss seeing you on the big screen. Neteyam…we still speak about you.
3.0,2026-07-19,I didn’t understand a single thing probably because when I watched it I had quite a short attention span.
4.5,2026-07-19,"I loved it a lot, but I'm not giving it 5 stars because of the wait."
5.0,2026-07-19,"olhei no cinema, os efeitos especiais são muito bons, experiência top!"
4.0,2026-07-19,Another solid avatar movie
4.0,2026-07-19,Valeu a pena ficar 3h sem fazer xixi no cinema
3.0,2022-12-14,"Literalmente só pra dar caminho entre o primeiro e o terceiro filme, porque a única coisa de bom é o CGI"
4.5,2022-12-22,i was too focused on how sexy jake sully looked as a dad
3.0,2026-07-19,Pretty but same plot as the first one.
5.0,2026-07-19,franchise so peak i had to buy the avatar game too
2.5,2026-07-20,Just milking avatar at this point
2.0,2026-07-19,fell asleep watching this.
1.5,2026-07-19,Tech is cooler than 1 (to make movie) but boring AF
3.5,2026-07-19,Ts did not need to be 3 hours
5.0,2026-07-19,i get why spider saved his dad .. but like .. come on spider .. he’s trying to kill everyone
3.5,2026-07-19,Dos de tres no me gustó tanto muy x
3.0,2026-07-20,Slightly better than the first but does it really need to be 3 hours?
5.0,2026-07-19,i'll never forgive james cameron for what he did to ma neteyam
4.0,2022-04-06,Me enamoré de Kiri en esta película
4.0,2026-07-19,This movie got me through an entire floor to ceiling apartment deep clean
4.0,2026-07-19,my close and personal friend kiri
5.0,2026-07-19,"amei a volta da franquia, amei como eles exploraram outro bioma,outra cultura e costumes, meu filme de conforto"
4.0,2026-07-15,why is the fucking racist general back? and why are we killing his children guys PLEASE stop i don't want to think about the grief and war coming in the third one...
4.0,2026-07-20,"Filmasso, eu como grande fã da franquia acho esse filme incrível. Você vai chorar no fim ? Vai, mas vale a pena. Perfeitoo !!!!!!"
3.5,2026-07-19,One of those humans needs to introduce Neytiri to the concept of divorce so she will leave Jake’s sorry ass like all he does is cause her pain and suffering. Still impressed about how good everything looks though kudos to the team. James Cameron misses his titanic days and that’s very evident here specifically. He’s also like a little boy the way he loves a random ass explosion. I don’t even think he likes movies he’s just using them as…
3.5,2026-07-12,the omaticaya are still cool af but the metkayina clan is where it's at for me
5.0,2026-07-19,"An alien film with so much violence, death, and loss reflecting the reality of humans. A war of resources and colonialism, Na'vi's and humans are more alike than any."
3.5,2026-07-15,It’s good. The actions cool. The avatars look weird. I like how much fun the bad guy is having being bad. Spider needs to go home.
4.5,2026-07-20,Pqp como que pode alguém criar uma coisa dessas
4.0,2022-06-19,love bailey bass
5.0,2026-07-19,Even more blue and now wet?
5.0,2026-07-20,NETEYAM COWO GUEEEE KNP DI BIKIN MATIII 💔
4.0,2026-04-14,the water leaders son is lame
5.0,2026-07-20,NO WORDS CAN EXPLAIN THE BEAUTY OF THIS INCREDIBLE FILM!!
5.0,2026-07-19,This review may contain spoilers. I can handle the truth.
3.0,2026-07-19,This review may contain spoilers. I can handle the truth.
5.0,2026-07-19,"Muito bom, mas pra que entregar tantas lágrimas?? 😭😭😭"
4.5,2026-07-19,cine
2.0,2026-07-19,This review may contain spoilers. I can handle the truth.
3.5,2026-07-19,lo’ak and payakan are sooo hiccup and toothless
4.0,2026-07-19,meu deus que filme fodaaaa o final belíssimo
4.0,2022-07-19,WELL I LIKED IT OKAY
5.0,2026-07-19,cried like 2 times. kill all whalers
3.5,2026-07-19,the sully family cant get a break omg
5.0,2026-07-19,"ai que saco, esqueci de escrever uma avaliação sobre esse! massss, eu amo demais esse filme, dos 3, ele é o meu favorito porque a história dele é maravilhosa e todo o desenvolvimento da familia do jake também é. a maneira como ele se adaptou ao mundo dos na’vi é linda, eu amo demais"
4.5,2026-07-19,beautiful wow wish i could visit
4.0,2026-07-19,OH YEAH AND HOT AVATAR FISH PEOPLE
3.5,2026-07-19,"Avatar: The Way of Water was a 3.5/5 for me. The visuals were incredible and the world of Pandora was still amazing to experience, but I didn’t think the story had the same impact as the original. It was a great-looking movie with some unforgettable moments, but the first Avatar was a much stronger overall experience for me."
3.5,2026-05-19,Nice
4.0,2026-07-20,It’s a really good with a really great history.
4.0,2026-07-19,"Me gustó más q la primera, 😦"
5.0,2026-07-19,"quando acham que é só a parte 2 de filmes com aliens azuis K mas é algo que mostra como a água(oceano)representa união, continuidade e a interligação de todas as coisas e seres vivos e é LINDO como eles tratam os animais como seres vivos que realmente são. pra variar colonizadores destruindo os clãns por vontade própria e por serem diferentes deles,acabando com animais locais,destruindo tradições e matando grande parte da população."
4.5,2026-07-20,Sigo enamorada de Neytiri
2.0,2026-07-20,Pue la merde
3.5,2026-07-19,NO MATEN A LA PINCHE BALLENA QUE LES CUESTA CARAJO
2.0,2026-07-19,how do your alien children somehow speak like modern day twitch streamers
4.0,2025-07-26,Le film le plus beau visuellement que j’ai vu de toute ma vie c’est vraiment magnifique l’histoire les effets les paysages en sortant du film j’avais envie de retourner à pandora tellement cet univers m’a pris dedans
5.0,2026-07-19,Ho pianto alla fine
3.0,2026-07-19,No se puede nagar la manera tan maravillosa en la que James Cameron usa el CGI👏🏻
4.0,2026-07-12,2 tame 2 strange: executes much better on pretty much everything the first movie tries to do
2.5,2026-07-19,"Dos 3, esse é o mais fraco in my opinion Personagens broxas e esses filhos chatos são dão problema Meu filho fav morreu 🖕"
5.0,2022-12-29,💋
5.0,2026-07-19,still good even though the first one is better
4.5,2026-07-19,Very good & very sad
3.5,2026-07-19,(smartest guy in the theater) so if the native americans had rushed whale tech…
2.5,2026-07-19,"""The Avatar logo's papyrus in bold! The Avatar logo's papyrus in bold!"" Boy was this a hard watch. Waaaay too long. Nothing about it was that bad, but there's one reason that I had to rate it so low. The young guys say ""bro"" SO MANY TIMES. I can't even properly describe it. In general, the vocabulary feels so limited in this script. P.S. I looked it up, and apparently James Cameron wanted it to feel like the audience was…"
2.5,2022-12-15,Un peu décevant
5.0,2026-07-19,Por mais que esse filme seja quase que uma cópia de enredo do primeiro; pra mim tem um dos visuais mais lindos de todos os tempos!!
3.0,2022-12-20,"Incredible visuals, so glad Cameron waited to film it. One scene specifically had be bawling like a baby I couldn't see straight but other than that, not that great."
5.0,2025-07-27,"Avatar: The Way of Water é uma sequência que consegue expandir o universo criado pelo primeiro filme de forma impressionante. Pandora continua sendo um dos mundos mais bonitos já vistos no cinema, mas agora o oceano se torna o grande protagonista, trazendo paisagens e criaturas que tornam tudo ainda mais fascinante. O que mais gostei foi acompanhar a família de Jake Sully e Neytiri. O filme dedica bastante tempo para desenvolver a relação entre eles, mostrando que a maior prioridade…"
4.0,2026-07-19,"I actually never saw the first Avatar movie, and was pretty impressed by this in spite of that. Got me pretty emotional near the end, though I think it spends too much time being a pretty cinematic movie without servicing the plot, which is why they're always 3 fucking hours"
4.0,2026-07-19,"acho q ficou difícil de superar o 1 mas eu sou muito apaixonada nesse filme, o cenários das águas claras e os animais🥹 ele toca no meu ponto fraco"
3.0,2026-07-18,Real dumb. Good thing it’s pretty!
4.5,2026-07-19,I cant swim
4.0,2026-07-19,😮‍💨
3.5,2026-07-19,"I thought it was beautiful, I connected with it quite a bit. It was lovely, though predictable in some aspects."
4.0,2026-07-19,8/10
5.0,2026-07-20,HARİKA BİR FİLM 11 KEZ FALAN BİTİRDİM NETEYAMA ALLAH RAHMET EYLESİN MEKANI YÜCE ANNENİN DALI OLSUN
5.0,2026-07-19,Amazinggg and sad but still super cool and one of my favourite movies
4.0,2026-07-19,alright now I just gotta learn how to swim
5.0,2026-01-28,"mi favorita d todas y menos mal no vi esto en el cine otherwise todos se habrían resbalado cn mis mocos tirados x tdo el suelo. and that final look, ugh😞"
4.5,2026-07-19,reviens neteyam
5.0,2026-07-19,i love you sigourney weaver
5.0,2026-07-19,73/365
3.5,2026-07-19,Il vaut pas le premier ..
3.5,2026-07-17,This review may contain spoilers. I can handle the truth.
3.0,2026-07-19,its okay ig😬😬
4.0,2026-07-20,"i'm obsessed, especially the sound track🫡 luv u abel🫰🏻"
5.0,2026-07-19,sobbed
3.0,2025-12-19,Okay
4.0,2026-07-19,ouuu shi
2.0,2026-07-20,"“tHe vIsUaLs ArE BeAuTiFuL” the story looked like it was written by an 8 year old AND it had so many holes. Extremley overrated movie, let the first movie down"
5.0,2026-07-19,"Totalmente lindo por ser mais focado em Pandora, algumas pessoas não gostam por esse motivo, mas este é o motivo que mais me faz amar esse filme."
5.0,2026-07-19,ei bafo so quanto mais aparece avatar mais eu acho esses fofos ums sabores
4.0,2026-07-19,Très fort
5.0,2026-07-19,MY FAVORITEEE Avatar movie BY FAR!! 🌊
3.5,2026-07-19,"visuals do most of the work, bit of a snoozer"
4.5,2026-07-19,"Juntaram H2O meninas sereias, Como treinar seu dragão e Percy Jackson"
4.0,2026-07-19,love the whales and the one boys death zoey saldana did such a good job
4.0,2026-07-07,Meu favorito dos bicho azul. Chorei até
5.0,2026-01-20,This review may contain spoilers. I can handle the truth.
2.5,2026-07-19,literally could’ve ended like 4 different times
3.0,2026-07-19,"nothing will beat the first one. not my fave but the visuals will always be my favourite ever, everything about it is perfect partial rewatch ( fell asleep the first time)"
5.0,2026-07-19,My tribes representation
3.5,2026-07-19,Teve uma hora que eu dormi
3.5,2026-07-19,"Liked the first one better, there wasn't really a story. The visuals are so good tho. I love all the animals"
4.0,2026-07-19,it’s so good but the first movie has a special place in my heart
4.0,2026-07-19,I’m sad.
5.0,2026-07-19,help je me remet toujours pas de neteyam
5.0,2026-07-19,Apesar de ser cansativo eu amo
4.0,2026-07-19,smurfs look different
1.5,2026-07-19,Les mechants etats uniens qui comprennent enfin les gentils autochtones mais ca fait quand meme la guerre parce que sinon yaurait rien à dire
4.0,2026-07-19,filme lindo mds james cameron pai do cinema
5.0,2026-07-19,Eu amei ver no cinema tropa
5.0,2026-07-19,Loved it so bad I was in there doing the breathing exercises with the characters and the last fight was anxiety fuel I bit my nails so bad
4.5,2025-12-19,1 część lepsza bo kurwa tutaj już się zaczyna wojna
5.0,2026-07-19,Definitely the best one out of the three avatars
4.0,2026-07-19,small benger
3.5,2026-07-19,I was going to give it 4 but every time spider hissed a part of me died a little
5.0,2026-07-19,Neteyam.... uzumlu kekim
4.5,2026-07-19,titanic + avatar = this
4.0,2026-07-19,"Sad reflection on how humanity has to conquer the world and destroy nature and wildlife - reduced to tears by cgi whales, great talent"
3.0,2026-07-19,too long
4.0,2026-07-19,This review may contain spoilers. I can handle the truth.
4.5,2026-07-19,Que hermoso el mundo que construyeron
5.0,2026-07-19,"eu amo esse e tudo o mais, é perfeito, porem o primeiro da franquia sempre vai ter o meu coração"
4.5,2026-07-19,I know the story is the same as the first part and is ordinary but hey watched this movie in IMAX and this sh*t mean something to me man lived it loved it i am glazing a lot but allowit
4.0,2026-07-19,what a sequel.
4.0,2026-07-19,Dolun oglu seni
2.0,2026-07-19,"long pour rien, on aurai du s’arrêter au 1"
5.0,2022-12-24,Zajebiste najlepsza część!!!
4.5,2026-07-19,My eyes BAWLED
5.0,2026-07-19,"Beautiful movie, great story. Very emotional"
3.5,2026-07-19,Dayum rip
3.5,2026-07-19,Soyez l enfant préféré
5.0,2026-07-19,Nada que decir Para mi Absolute cinema La vi en el cine 3 veces Muajajaa
5.0,2026-07-19,loved it but felt like some scenes dragged on
4.0,2026-07-17,I think about humanity and cry
5.0,2026-07-19,just peak everytime i watch it
3.5,2026-07-19,Si lloré y que ?
3.0,2026-07-19,as merda desse roteiro pra esse vilão fica vivo nos tres filmes JKASJKASKJA vsf
5.0,2026-07-19,I need to watch these movies at least once a year to remind myself that the obsession from 2022 is never going to leave me
3.0,2026-07-19,Desnecessário mas é legal
4.0,2026-07-19,visually pleasing
4.0,2023-05-19,neteyam gw anjing
2.0,2026-07-19,What saves the franchise is its gorgeous visuals. The storyline has been unoriginal from the start and Jake Sully now has become a boring patriarch.
3.0,2026-07-19,"A remake of the first movie, honestly a heart breaker"
3.0,2026-07-20,เฉยๆ
5.0,2026-07-19,"Interessante como tem uma ""tribo"" pra cada elemento,#voltaNeteyam"
1.5,2026-07-19,¿Cómo es posible hacer películas tan malas?
5.0,2026-07-19,Tsireya is such a hear me out
3.0,2026-07-19,A little long for me but I love that whale
5.0,2024-08-06,This review may contain spoilers. I can handle the truth.
3.5,2026-07-19,This review may contain spoilers. I can handle the truth.
5.0,2026-07-19,gue cinta mati sama neteyam TAPI KENAPA MATI WOI😭🥺😭🥺😭🥺😭🥺😭🥺😭🥺😭🥺😭kEnApA dImAtIin WoyYyYyy😭🥺😭🥺😭🥺😭🥺 btw jake sully😍😍😍😍😍
5.0,2026-07-19,Favourite avatar movie. It's genuinely such a beautiful movie I love it sm
4.5,2026-07-19,"idk if my sister loved this, but i definitely did, i was the only one that cried when neteyam died but yeah"
3.0,2026-07-19,Lo mismo que la primera pero con agua.
4.0,2026-07-19,I can't save my family by running. This is our home. This is our fortress. This is where we make our stand.
3.5,2026-07-19,Avatar: The Way of Water is a rare case of a movie using its beauty and technical features to keep you seated for 3 hours for what is basically a retelling of the first Avatar.
4.5,2026-07-19,"I like this movie more than the first one. It's really upsetting"" when you realize that humans are too cruel to destroy everything they can. The way the scene shows us what happened to the na'vi and the humans ist the best thing."
5.0,2026-07-19,really good and lil mosey was there. i enjoyed it a lot
3.0,2026-07-19,Yawn. He spent how long to release this
2.5,2026-07-19,Pass the time was movies
5.0,2026-07-19,"DEVOLVE O NETEYAM AGORA Vc ano tinha esse direito Disney Muiiiito bom,mas não superou o primeiro"
5.0,2026-07-19,ma è assurdo ma è TUTTO bellissimo in questo film
3.0,2022-12-25,white guy saves indigenous people part 2
4.0,2026-07-19,Bana gore en iyi avatar filmiydi
5.0,2026-07-19,n-neteyam..............
5.0,2026-07-19,❤️
5.0,2026-07-19,MY HEARTTT
2.0,2026-07-19,long long long as. no plot? just „filming“ the „nature“. even more colonization than the first. why are the avatars whitewashed sm????? prob not going to watch the others
3.0,2026-07-19,Bcp trop répétitif pour moi
2.0,2026-07-19,Plouf
1.5,2026-07-19,the first one was bad enough- a sequel was not needed
5.0,2026-07-19,Lo’ak❤️
4.5,2026-07-19,all those beautiful sea creatures…. they are the mother i never had... they are the friend everybody deserves. i don't know better people
4.0,2026-07-19,"I really like this too. (No surprise). And I really like Lo’ak, argue with a wall."
4.5,2026-07-19,wanna pee so bad
5.0,2026-07-19,"Neteyam não morreu na minha cabeça, ele vai voltar"
4.0,2025-12-26,yo tambien me encularia de varang
5.0,2022-11-13,MY FAV PARTTT!!
5.0,2026-07-19,mas pipiliin ko pa manood ng 3hrs na avatar kesa magka orgasm nang 3 hrs e
4.0,2026-07-19,good until they killed neteyam - made me cry
5.0,2026-07-19,Best movie I have ever seen in my life pls bring back neteyam I will give u 10 pounds I love this film so much the best movie ever made
2.5,2026-07-18,"Avatar: The Way of Water picks up from the events from the last film. Colonel Quaritch is still the antagonist and now there is a focus more on water, family, and the avatar culture. Now I will say, the visuals are still stunning. The action is decent and entertaining. The music is grand yet at times mellow and tranquil. And of course, Pandora is unique and awesome. However, the biggest downfall of this movie is the story and everything around…"
4.0,2026-07-18,Better than the first one. 3 hours of Pandora pr0n. I had the urge to go to swim with whales after.
4.0,2026-07-19,"adoro mas não me impactou tantoo como nos outros filmes, acho que é porque tive que lidar com o pessoal da água e não me acostumei KKKKKK"
5.0,2026-07-19,sedih bgt neteyam 😭
5.0,2022-12-21,this is cinema. le pic de cinématographie c’est génial c’est magnifique. avatar a une GRANDE place dans mon cœur <3 vu au cinéma <- encore mieuxxxx
5.0,2026-07-19,"absolute cinema.... my girls, neytiri, kiri, tsireya, ronal, and my only man netayam.."
5.0,2026-07-19,"Neteyam....cepat pulang, nak 💔😭💔😭💔😭"
5.0,2026-07-19,Γιατί έκανα τόσα χρόνια να δω αυτές τις ταινίες?!?
4.0,2026-07-19,Great movie
4.0,2026-07-19,nekad se setim da su me rasplakali plavi ljudi s repovima
4.5,2026-07-19,Whoever decided that was a good way to end the movie..fuck you
5.0,2026-07-19,the metkayina people are so aesthetic dang
4.0,2022-02-02,Watched this at the cinema when it came out. Jake upgraded from dada to dilf.
4.5,2026-07-19,Seul film que j'aime et que Reggiegorila aime aussi. Les lunettes 3D ces gourmandes elles m'avaient bien compressé le crâne.
2.0,2026-07-19,What a waste of time
3.5,2025-10-04,Seeing it in IMAX and in 3D helped this movie a lot
4.0,2026-07-19,The whole Sully family can hear me out.
5.0,2026-07-19,keren banget coeg buansa nuansa laut gitu
4.0,2026-07-19,Yine harika bir görsel efekte sahip ama kesinlikle 1. Filmdeki kadar büyük bir etki yaratmadı bu kadar çok uzun araya daha iyi bir film bekliyordum açıkçası hikâyenin biraz zayıf kaldığını düşünüyorum.
2.0,2026-07-19,What’s next? A movie about fire people?
4.0,2026-07-19,4.25⭐
5.0,2026-07-19,AI could never replace this kind of art.
4.0,2026-04-12,beautiful
3.0,2026-07-19,Ich werde immer auf der Seite der Menschen sein. Also macht diesen blauen Aliens kalt wenn es sein muss (sorry wenn das zu hart klingt. Alien Filme und Spiele haben mich ziemlich hostile gemacht dagegen )
5.0,2026-07-19,"Esse eu tive o prazer e a tristeza de assistir no cinema com aqueles óculos 3D que filme LINDO mas aquelas né... se tá todo mundo vivo e porque alguém vai morrer, essa continuação e muito boa tudo se encaixa mas uma morte de alguém aí acabou comigo e eu não entendo porque fizeram isso mas ok né (nota 4,6/5)"
5.0,2026-07-19,....
5.0,2026-07-19,"Omgg jake sully sakno e neytiri itu loo,,, tsireya jujurrrr uayuu poll emang ada aura aura luar biasa pada dirinya…"
5.0,2026-07-19,"Avatar 2: The Way of Water — the film about how our Toruk Makto turned out not to be Toruk Makto, but rather a ""softie."" But let's take it in order. How do you make a viewer care about the unfamiliar, three-dimensional-rendered kids of the first film's hero, when the fate of a planet is on the line? Right — you don't. And that's the whole genius of Cameron's move: he breaks the expectations set up for the sequel. I…"
5.0,2022-12-18,Esse eu tive o prazer de assistir no cinema com aqueles óculos 3D que filme LINDO eu amo essa continuação nota 5/5
5.0,2026-07-19,every film a new mama #ronalimissu
4.0,2023-02-09,"muito bom, o melhor filme de avatar mas é longo pra cacete e isso me irrita"
4.0,2026-07-19,noice
5.0,2026-07-19,NETEYAM GUEEE😭😭😭😭😭😭😭😭😭😭😭😭😭
3.0,2023-04-19,"J'avais peur que cette suite n'existe que pour son aspect visuel, mais James Cameron réussit encore une fois à créer un monde fascinant. Les paysages sous-marins sont magnifiques. Chaque créature, chaque décor et chaque couleur donnent envie de rester sur Pandora encore plus longtemps. L'histoire est plus simple que le spectacle visuel, mais j'ai apprécié le développement de la famille de Jake Sully et les thèmes autour de la transmission et de la protection des siens. C'est une véritable démonstration technique, mais aussi une aventure très touchante"
5.0,2026-07-19,my favorite movie oat. I loved it so much and thought it was amazing to see other navis interact with each other and how the sully’s adapt to the water but neteyams death was unnecessary bye
5.0,2026-07-19,Cried a lot
4.5,2022-06-23,dunia gua dawg 😂✌️
2.5,2026-07-19,demasiado larga
5.0,2026-07-19,hey neteyam u better come back broo.. aku ngegalauin dia (yg beneran ngegalauin makhluk biru ini) dibalik itu semua ini bagus bgt sukaaaa
4.0,2026-07-19,"seruu lah, sedih dikit"
5.0,2026-07-19,NETEYAM. absolute masterpiece but where tf did spider come from bro 😭 he kinda pissed me off when he saved his dad like wtf ru doing man
2.0,2025-12-28,slightly less but still pretty B-B-B-B-BORINGGGGG
5.0,2023-01-09,"Я влюбилась , мне это слишком нравится"
3.5,2022-12-17,"Cameron se vuelve a pasar más de tres horas enseñándote Pandora como si acabara de descubrir el modo foto en su propio universo, pero a ver...Es que es obscenamente bonita. Cada plano parece estar hecho para que te plantees seriamente el mudarte allí, aunque implique ser azul y medir dos metros y medio. Visualmente, incluso con todo el hype, cumple las expectativas, incluso las supera sobradamente. El problema es que entre tanta ballena mística y adolescentes con problemas de instituto…"
5.0,2026-07-19,didn’t watch this on theatre i regret sm
5.0,2026-07-19,"I literally cried my eyes out when neteyam died, it was so quick༎ຶ⁠‿⁠༎ຶ but it's still beautiful."
3.5,2026-04-01,Solo la vi porqué mi papá la quería ver y también se aprovechó para estar al corriente antes de ver la tercera parte
4.0,2026-07-19,can’t believe it took me so long to watch this
4.0,2026-06-25,This is probably the best one out of the 3 movies
5.0,2026-07-19,"By far my favorite avatar movie, but I am biased because its based on the ocean"
4.0,2026-07-19,So good
4.0,2026-07-13,"Aguante la respiración con ellos en cada escena de agua. 🫧 ""El camino del agua no tiene principio ni fin. El mar está a tu alrededor y en tu interior. El mar es tu hogar antes de tu nacimiento y después de tu muerte. El agua conecta todas las cosas: la vida con la muerte, la oscuridad con la luz."" 🐋🪼"
2.5,2026-07-18,blood pressure is high post watch
3.5,2026-07-19,loak ganteng
4.5,2026-07-19,Jake Sully when I catch you for how you treat your sons
3.0,2026-07-19,Thar water looked so drinkable
2.0,2026-07-19,filme ruim da porra
4.5,2026-06-24,"Me vicié después de ver la primera, super triste cuando se murió el hijo mayor qpd😭😭😭😭😭 Que ijodeperra el coronel neta"
4.0,2026-07-18,"Great creature design. Felt lengthy for what it was, but didn’t feel the information was superfluous."
3.5,2026-07-19,Humanoide Smurfs parte 2 (ft. Jack Champion and the whale from pinocchio live action)
5.0,2026-07-18,Amazing sequel to the first
3.5,2026-07-17,"James Cameron volvió a demostrar que no tiene competencia en hacer que un planeta ficticio se vea más real que el nuestro, cada plano bajo el agua es una locura. Lástima que, el guion nade bastante más lento. La incorporación de los hijos de los Sully funciona y le da una dinámica distinta a la familia, aunque la muerte del hijo mayor me pareció tan injusta como innecesaria. Se sintió como un golpe diseñado para obligarte a llorar. El coronel…"
3.5,2026-07-18,7.5:10
3.5,2022-08-20,"Demasiado colorida y bonita, la trama no es tan buena tho"
4.0,2026-07-18,Yo so like calling ur dad sir is kinda crazy
3.5,2026-07-18,Creo que necesitamos comenzar a poner buenos subtítulos ya que no sé el puto idioma navi y si no me pones putos subtítulos no entiendo un culo y también pinche Jake sully eres bien culero con Loak
4.5,2026-07-18,This is an amazing sequel
4.0,2025-06-11,Gostei bastante
3.5,2026-07-19,"Considero esse filme melhor que o primeiro, além do 3d sensacional ele tem alguns outros pontos positivos. O clímax final é emocionante, e ele parece apresentar mais situações de perigo concreto do que no primeiro filme. Embora muitas decisões de roteiro poderiam ser diferentes, mortes sem impacto, ou o fato daquele general ter sobrevivido, e que ele vai aparecer novamente no 3° filme me deixam frustrado, e pelo que eu vi, ainda no 4° também. É uma trama genérica e…"
2.0,2026-07-10,Technically impressive and the color is better than most modern but that’s as far as my enjoyment of this film goes. All the more frustrating when you see the budget and compare that to the script and character depth.
4.0,2026-07-18,i love the creatures in these movies so much
4.0,2026-07-19,"rest in peace neteyam, should’ve been spider"
3.0,2026-07-19,Más angustia
2.0,2026-07-18,What if we spent 3 hours just to end the movie the same way of the last one?
3.5,2022-12-18,"The way of water has no beginning and no end. Our hearts beat in the womb of the world. The sea is your home, before your birth and after your death. The sea gives and the sea takes. Water connects all things: life to death, darkness to light. Solid film, great action scenes and a great message."
3.0,2026-07-18,idk if these locs on jakesully is his look
4.0,2026-07-18,somehow this one is even more emotionally devastating than the first. spider my boy why did you have to do #that at the end
4.5,2026-07-18,BLUE PEOPLE IN BLUE WATERRRR
3.0,2026-07-18,love the ocean cinematography but the best part about this movie is The Weeknd’s song
4.0,2026-07-18,Everyone's kind of annoying in this one especially the white boy with dreads but I still really enjoyed it. The ocean animals were my fav
2.0,2026-07-19,malvado niño humano lo odio
5.0,2026-07-19,mejor q la primera en conceptos y trama
5.0,2023-05-04,COISA LINDA ESSE FILME AMEI MUITO UOU
4.5,2026-07-18,"“If something ever happens to Tuk I’m gonna drop the movie there and then.” — Me, during the whole movie."
5.0,2026-07-18,Netayum 😔. Graphics are so sick. On the run and go to the water tribe. Why did spider save him? That’s my beef
5.0,2026-07-19,nn sei qual é melhor
3.0,2026-07-18,it did not need to be this long but the tears snuck up on me at the end wtf
4.5,2026-07-19,"Quase tão bom quanto o primeiro, continuação digna"
4.5,2026-07-18,"que locura audiovisual hermano, se veia hasta los pelos encarnados de jake sully"
5.0,2026-07-18,10/10 everytime. This movies graphics to its story is just amazing.
4.0,2026-07-19,i needed to watch smthing while being on this plane but yeah i still like this movie!! kinda didnt realize how FAST it cuts to the third movie like literally not even a day passed in the third movie but yes it was nice to rewatch this
5.0,2026-07-19,"Sim, é melhor que o primeiro filme (que ja era incrivelmente bom)"
5.0,2026-07-18,"O QUE FOI ISSOOOO!!!! Experiência audiovisual inigualável, o filme prende a atenção do início ao fim, a qualidade é absurda, os mínimos detalhes do enredo. Tudo é incrível, que filme maravilhoso!!!!!!"
3.0,2026-07-18,Kids movie not for kids.
3.0,2026-07-18,"Filme com uma história ""simples"" com a tecnologia potencializando ele mais ainda. Neytiri escanteada nesse filme hein. E já chega do Coronel!!!"
4.0,2023-01-23,"Not as good as the first, but they never are."
4.5,2026-07-18,Neteyam sigo hablando de ti 💔💔💔
4.0,2026-07-19,Aglattı saka aglatmadı 1.daha iyiydi ama
4.0,2026-07-19,"1. reciclaram o plot do primeiro filme sem dó nem piedade 2. Neytiri perdeu tudo. essa personagem foi escrita pra sofrer. ""O caminho da água não tem começo nem fim. O mar está ao seu redor e dentro de você. O mar é o seu lar antes de você nascer e depois que você morre. Nossos corações batem no ventre do mundo. Nossa respiração arde nas sombras das profundezas. O mar dá e o mar leva. A água conecta todas as coisas da vida á morte, da escuridão á luz."""
4.0,2023-01-13,.
4.0,2026-07-18,Did not care for the little Tarzan kid but every other part was cool
4.0,2025-04-10,"Prefiro o 1 ainda, mas é legal e o final é emocionante e te deixa de xerequinha pro ar"
5.0,2026-07-18,This review may contain spoilers. I can handle the truth.
3.5,2026-07-18,Love the battle scenes.
3.0,2026-07-18,"I guess I'll give this 3 stars. This movie could have been 90 minutes shorter, and the alien children say ""bro"" more than I hear in a regular human-centric film. The subplot with the colonel's son makes no sense and exists purely for a tired ultimatum moment toward the end of the film. The whole human-alien-whaling business, harvesting their marrow or whatever as a means to stop human aging, now that was an interesting aspect, and I wish Cameron had…"
5.0,2026-07-18,My dad came to me and said that the 3rd one was even better and I'm so confused how it's even possible to do so
5.0,2026-07-18,"ah dane-se sou apaixonado por avatar e todo filme vai ser bom pra mim mas esse principalmente, amei a tribo da água."
5.0,2026-07-18,"resumen: Jake Sully y Neytiri forman una familia y viven en Pandora. Cuando los humanos regresan para colonizar el planeta, Jake decide huir con su familia y buscar refugio con el clan marino Metkayina. Mientras aprenden a vivir junto al océano, su hijo Lo’ak crea un fuerte vínculo con Payakan, una enorme tulkun considerada un marginado por los de su especie. Esa amistad resulta clave durante la batalla final contra los humanos. Aunque logran derrotar a sus enemigos, su hijo…"
4.5,2026-07-19,"The most exciting Avatar movie, the underwater scene animation is top"
3.5,2026-07-18,Kiri is genuinely the best character
3.0,2026-07-18,dava pra dar uma resumida
3.0,2026-07-18,"la primera vez que la vi me gustó mucho, la 2da ya no tanto"
3.5,2026-07-18,My brother made me binge watch all of the avatars. This one was cool but I got bored at times. I love their kids omgggg. NETEYAM!!!! </3
4.0,2026-07-19,Water looks so real I forgot this was an animated film most of the time
5.0,2026-07-19,amazing
4.0,2026-07-18,love avatar
4.0,2026-07-18,foi mágico em 2022
3.5,2026-07-18,An incredible theatre experience of course but something about these Avatar movies just don’t stick with me
5.0,2026-07-18,so good it didnt even feel like three hours
5.0,2026-07-18,this movie is phenomenal i love this movie
5.0,2026-01-15,rest in peace neteyam we barely knew you
4.0,2026-07-18,honestly was really good for a sequel but wasnt as good as the first one. FUCK THEM KIDS ALWAYS DOIN SUM SHIT STUPID
5.0,2026-07-19,this movie is beautiful
3.0,2026-07-18,Mid ah movie
4.0,2026-06-23,Am I trippin or did they make all the mixed kids lightskin?
4.0,2026-07-18,filme extremamente lindo e bem construído comparado ao primeiro. facilmente o melhor da trilogia até agora.
5.0,2026-07-19,"«The way of water has no beginning and no end. The sea gives, and the sea takes. The way of water connects all things.»"
4.0,2026-07-18,Tres horas de pura belleza
3.5,2026-07-18,i love the first one but this one was sad and i have no desire to rewatch it
4.0,2026-07-19,Les décors sont magnifiques !!
2.5,2026-06-16,Why doesn’t James Cameron just like… make Planet Earth but for the made up locations in his head? If it’s supposed to be all about how incredible the visuals are why include the boring recycled story at all?
4.0,2026-07-18,tez mega dowalone
4.5,2026-07-18,No one does spectacle quite like James Cameron
4.0,2026-07-18,"favoloso, la morte di neteyam è struggente, ti uccide molto di più la reazione di tutti gli altri, però neytiri che massacra tutti è da vedere"
5.0,2026-07-19,I LOVEEE AVATARR
4.5,2026-07-18,The goat died
2.0,2026-07-18,These movies are so over hyped
3.0,2026-07-18,"Es excesivamente larga para el contexto que da, se me hace repetitiva a la primera en algunas cosas"
4.0,2026-07-18,the kids who wanted to be mermaids needed this movie
4.0,2026-07-19,“The Way of Water has no beginning and no end” YEAH AT 3+ HOURS IM FEELING IT
1.0,2026-07-19,"Unfortunately, they forgot to add a plot :("
4.0,2026-07-19,Same as all the other avatar films
4.5,2026-07-18,i see you. The visuals for this movie is peak
3.5,2026-07-18,Humans ruin everything p2
5.0,2026-07-18,Avatar e top
2.5,2026-07-18,Ripn’t coronel
5.0,2026-07-18,my favorite avatar movie!! the kids interactions were so so funny(especially with tuk and lo’ak) until neteyam died.. loved the movie tho!!
5.0,2026-07-18,The cultural aspect of it was cinematically pleasing.
5.0,2023-07-18,do i even need to say anything about this masterpiece?
5.0,2026-07-18,Snot crying rn
2.5,2022-05-18,Blurhhgggrhggg blerurhgrhgrhrhhgg
4.0,2026-07-18,прикольно но первая часть лучше как будто
5.0,2026-07-18,this will never not fuck me up
4.0,2026-07-18,"Yes, it’s the exact same script as the first one, but holy shit does it look amazing."
2.0,2026-07-18,Je suis la hateuse originelle de Scully.
3.5,2026-07-18,"Magnifique, mais c’est tout"
4.0,2026-07-18,"Un remake du 1, mais quel film quand même !"
2.0,2026-07-18,Le 1 suffisait amplement. Je met cette note car même si je ne me suis pas ennuyé le film ne mérite pas moins grâce à l'action.
2.0,2026-04-13,"Filmslop, bro"
4.0,2026-07-18,my sister would be so proud to know i finally understand the jake sully girls
3.5,2026-07-18,"the graphics and scenery in these movies never fail to astound me. visuals were phenomenal, the sea life was so gorgeous i am in love"
4.0,2026-07-18,"Ótimo filme, eu assisti ele no cinema nas salas onde as poltronas se mexem, e foi simplesmente incrível, o realismo melhorou tudo, achei bem melhor que o primeiro filme, e grande expectativa para o próximo que ainda não assisti, recomendo."
4.0,2026-07-18,This was way more intense than H2O: Just Add Water…
5.0,2026-07-14,Action and beauty till the end.
4.0,2026-07-17,baby tuk
1.5,2022-06-18,probably wouldve liked if i actually paid attention
5.0,2026-07-18,Why does Jake hate Lo’ak so much.
4.0,2026-07-18,The absolute boy did it again. James Cameron's casting choices are so wonderfully unconventional.
3.0,2026-07-18,الجرافيكس حلوه بس كده
4.0,2026-07-18,Wow
4.5,2026-07-18,The visuals in this film are incredible.
3.0,2026-07-18,This would have been insane in the theater.
2.0,2026-07-18,"genuinely the first one was good but idk about this one, i literally walked out of the theatre bcuz this shit was so boring"
4.5,2026-07-18,a three hour nature documentary with some really good action sequences? my cup of tea.
4.5,2026-07-18,just beautiful and heart wrenching
2.0,2026-07-18,"Comparé au premier très déçu, la suite est logique mais ennuyante c’était sympa de découvrir un nouvel univers aquatique mais on en fait assez vite le tour et je trouve que les Navi sont beaucoup plus humanisés et ça casse complètement le côté féerique"
5.0,2026-07-18,"i used to hate this movie but after watching it for the second time, i love it now"
4.0,2026-07-18,"This movie tops the first for me due to how amazing they did the water visuals, also pro tip; don't try holding your breath during underwater scenes for this one."
4.0,2026-07-18,Avatar:
5.0,2026-07-18,Gelene kadar en iyi avatar filmi falandı ama KOMUTAN ÖLMEMİŞ 👹
4.0,2026-07-18,This review may contain spoilers. I can handle the truth.
5.0,2026-07-18,I left and cried for a whole week
4.0,2026-07-18,obra de arte
5.0,2026-07-18,"Vibe Incrível, como eu explico que quero ir pra Pandora"
5.0,2026-07-18,James Cameron sabe oq faz
5.0,2026-07-19,blububblublubblub >translate : editor hebad
4.5,2026-07-18,"This movie, and the saga in general, is one of the greatest masterpieces of the 21st century. It is simply magnificent—the story is beautiful, and the image quality is also worth noting. No flaws to point out. Bravo, James Cameron!"
4.5,2025-10-22,i love how terrified quaritch is of neytiri
4.0,2026-07-18,"“i would kill myself, i would drink acid“ — day in the life of being a parent of 4 kids and leader of the blue people — imagine being a human sent to Pandora and you just get slimed out by a big ass arrow on your day there; that would really suck… — man they really get you with the endings with the Avatar films don't they"
4.5,2024-09-11,"Excelente película, muy larga pero lo vale."
5.0,2026-07-18,"Absolutely adore pandora as a whole. I love the introduction of the metkayina, its so nice to see the other tribes of pandora, and im so excited to see the other tribes. Ive watched the other two films already but this takes the cake as my favorite from the series. I cant wait to see how the world expands in avatar 4!"
4.0,2026-07-18,the one fish girl kinda got talking angela face card
5.0,2026-07-18,"one day i hope to enter pandora, because what a world to be a part of."
4.5,2026-07-18,All that about learning their ways and they still give Jake a fucking gun
1.5,2023-01-06,horrific but the visuals and nostalgia are enough to give this more than 1/2
5.0,2026-01-09,is it too obvious this is my favorite avatar movie
5.0,2022-12-16,bring back neteyam pls thank you very much
4.5,2026-07-18,"""James Cameron bir devam filmiyle sevenlerine merhaba diyormuş"" Bir az gec qalınmış bir izləmədi bilirəm. Film gözəl başlayır, heç nəyi uzatmır, Avatar dünyası ilə izləyicini yaxından tanış edir, yeni və yaradıcı şəkildə qurulmuş bir su dünyası ilə qarşılaşırıq. Bununla yanaşı James baba insanların vəhşiliyini də gözəl formada tənqid edir. Vaxtında kinoteatrda izləmək lazım idi. Tək əskiyi düşmənin təkrarlanması idi."
3.5,2026-07-18,It’s a classic family film but the r thyme got me dancing sweating laughing crying kiasi. Long but worth it! Especially the VFX side😮‍💨
5.0,2026-07-19,"NTEYAM CEPAT PULANG KERUMAH NETEYAM, BUKAN KE EYWA 😭💔😭💔😭😭💔💔💔💔😭💔😭💔"
5.0,2026-07-18,the perfect sequel. when it came out i watched it like over 30 times in the first month. a whole new scene feels refreshing after those years and it was amazing
5.0,2026-07-18,Just as good if not better than the first. James Cameron really struck gold with these 7 foot blue people
4.0,2026-07-18,A good sequel that expands the world and characters well
2.0,2022-07-18,Theaters
4.0,2022-08-18,"J'ai adoré, rien à dire en vrai c'était trop bien."
1.0,2026-07-18,"gnt achei super chato, fui assistir no cinema, demorou pra um cacetao, perdi a paciência e nem consegui prestar atenção na história em si"
4.0,2026-07-18,"Não prende tanto quanto o primeiro, mas precisava dessa continuação então, arrasaram."
5.0,2026-07-18,por qué tardé tanto en ver esta película por dio
4.0,2026-07-18,james cameron you will pay for your crimes
5.0,2026-07-18,Não aceito a morte do Neteyam 😭😭
5.0,2026-07-18,"DISPARADO O MELHOR FILME DA TRILOGIA ATÉ AGORA. Eles se aprofundaram bem nesse povo, triste mesmo foi a morte do neteyam"
2.5,2026-07-18,我只能說我完全看不下去，我真的很抱歉但真的是這樣 我不理解這部電影想呈現的關係到底是什麼，真的是血緣嗎，種族非常可以理解，但是電影後半突然的血緣模式上升是怎樣，我也不喜歡這部電影明明可以有更開放的方式呈現外星人的權利、親屬關係卻繼續使用人類社會裡的雄性來當作主體（幹這點我真的超不理解） 而且既然這些生物他們是以關係作為他們的網路那應該要更謹慎處理這個吧？？結果都變成在打架是怎樣？？？fuck 好但是我很喜歡他們的臉部表情
3.5,2023-06-07,This review may contain spoilers. I can handle the truth.
1.0,2026-07-18,Solo la vi porque a mi papá le gustan. Horripilante
4.0,2026-02-04,thee sequel
5.0,2026-07-15,I cried before and I’ll cry again
4.5,2026-07-18,"This is the second film in the Avatar film series. It is just as good as the first, the special effects, CGI and story are amazing. The story is heartfelt, action packed and adventurous just like the previous film. It has many great actors in, some from the previous film and many new."
3.5,2026-07-18,Nice sequel
4.0,2026-07-18,"continua a história muito boa, incrível novamente mas curto ainda mais o 2, mas esse continua lendário"
4.0,2026-07-18,Wouldnt gotten a 5 star if Neteyam didn’t die or Jake run his mouth like an asshole
4.5,2026-07-18,wowie
5.0,2026-07-18,This was my fav out of the three I think ..
4.0,2026-07-18,"muito bom, design incrível só não merce o 5 por que falta alguma coisa"
5.0,2026-07-18,Abi cok iyiydi ya. Animasyon belirgin olarak degismisti. ayrıca QUARITCH SMASH
4.0,2026-07-18,"A família mais linda é essa do Jake, amo a relação deles e tudo que o Jake faz por eles. Gostei deles explorando o oceano é tudo tão lindo e os outros avatares são incríveis também, continuo amando esse filme com todo meu ser."
5.0,2026-07-18,"My favorite out of all 3 Avatar movies, both in terms of visuals and story. People say it's boring and not much is happening, but I don't care, it made a lasting impact on me tilll this day. And walking out from the cinema after finishing it was the 1st time I've experienced post-avatar depression lmao"
3.5,2026-07-18,bit lighter blue
3.5,2026-07-17,"Bir rivayete göre Cameron, JakeSully kompleksine tutulmuş, gerçekle hayali ayırt edemiyor ve bir sabah Na'vi olarak uyanana kadar her gece Eywa'nın önünde intihara teşebbüs ediyormuş."
4.5,2026-07-18,O mais bonito dos irmãos morreu e agora só sobrou esse pedaço de merda rebelde
3.0,2026-07-16,visually beautiful film but still not the most iconic use of papyrus
4.0,2026-07-17,El Payakan : Todos ustedes contra mí solo 💀
5.0,2022-09-18,Can do no wrong
3.0,2026-07-18,i guess it’s alright -r
4.5,2026-07-18,sooo beautiful but i will never forgive spider for what he did
5.0,2026-07-18,pengen ah kesana
4.5,2026-07-18,Reminded me of all the breath training drills I had to do 🤔
5.0,2026-07-18,Perfection!
3.5,2026-07-18,Increíbles efectos especiales pero no la mejor
2.5,2026-07-18,just a cgi showcase. nothing more
3.0,2026-07-18,Bella l’acqua ma preferivo le bestie volanti
5.0,2026-07-18,TOUCH SOME GRASS?????? I NEED TO TOUCH THE SEAAAAAAA
